terminology,concept_code,concept_name,record_count,patient_count,info_json
LOCAL,HR,"Heart, rate",5000,120,"{""full_name"":""Fréquence cardiaque"",""unit"":""bpm"",""rows_count"":5000,""patients_count"":120,""range"":[20,250],""numeric_data"":{""min"":20.0,""p5"":55.5,""median"":80,""mean"":81.25,""max"":250,""sd"":1e-05},""histogram"":[{""x"":20,""count"":3},{""x"":60,""count"":2400},{""x"":100,""count"":2590},{""x"":240,""count"":7}],""categorical_data"":[{""category"":""normal"",""count"":4990,""percentage"":99.8},{""category"":""rare"",""count"":10,""percentage"":0.2}],""records_per_patient"":{""mean"":41.6,""median"":30,""min"":1,""max"":900},""temporal_distribution"":{""start_date"":""2019-01-01"",""end_date"":""2023-12-31"",""by_year"":[{""year"":2019,""percentage"":0.1},{""year"":2020,""percentage"":99.9}]},""hospital_units"":[{""unit"":""Réa, Nord"",""percentage"":99.9},{""unit"":""Pédiatrie"",""percentage"":0.1}],""big"":1e+21,""big_int"":9007199254740993}"
LOCAL,NA,Sodium,900,300,"{""full_name"":""Sodium"",""rows_count"":900,""patients_count"":300,""numeric_data"":{""median"":140}}"
LOCAL,RARE,"Rare ""thing""",40,4,"{""full_name"":""Rare"",""rows_count"":40,""patients_count"":4}"
LOCAL,FEW,Few records,7,,
LOCAL,ZERO,Never seen,0,0,
LOCAL,AT_K,At the threshold,11,11,
LOCAL,BELOW_K,Just under it,10,10,
LOCAL,PADDED,Padded cell, 7 ,	8,
LOCAL,FOREIGN,Not plain decimal,0x5,1_0,
LOCAL,NAN,NaN in the profile,500,50,"{""rows_count"":500,""patients_count"":50,""numeric_data"":{""mean"":NaN}}"
LOCAL,QUOTED,Single-quoted profile,500,50,{'rows_count': 500}
LOCAL,SCALAR,Not an object,500,50,42
LOCAL,WARDS,Ward split,4000,400,"{""rows_count"":4000,""patients_count"":400,""hospital_units"":[{""unit"":""A"",""percentage"":99.3},{""unit"":""B"",""percentage"":0.3},{""unit"":""C"",""percentage"":0},{""unit"":""D"",""percentage"":0.4}]}"
LOCAL,CATS,Dropped mass reaches k,813,80,"{""rows_count"":813,""patients_count"":80,""categorical_data"":[{""category"":""x"",""count"":500},{""category"":""y"",""count"":6},{""category"":""z"",""count"":7},{""category"":""w"",""count"":300}]}"
LOCAL,CATS2,Dropped mass under k,825,80,"{""rows_count"":825,""patients_count"":80,""categorical_data"":[{""category"":""x"",""count"":500},{""category"":""y"",""count"":5},{""category"":""z"",""count"":20},{""category"":""w"",""count"":300}]}"
LOCAL,SMALL_N,Few values,60,30,"{""rows_count"":60,""patients_count"":30,""numeric_data"":{""p5"":1.2,""p25"":3,""median"":5,""p95"":9.8},""histogram"":[{""x"":1,""count"":20},{""x"":3,""count"":25},{""x"":5,""count"":15}]}"
LOCAL,ONE_BIN,One bin,50,20,"{""rows_count"":50,""patients_count"":20,""histogram"":[{""x"":7,""count"":50}]}"
LOCAL,FINE,Fine grid,400,40,"{""rows_count"":400,""patients_count"":400,""histogram"":[{""x"":0.15,""count"":100},{""x"":0.25,""count"":150},{""x"":0.35,""count"":150}]}"
LOCAL,UNITS,Ward share of a few records,10000,300,"{""rows_count"":10000,""patients_count"":300,""hospital_units"":[{""unit"":""A"",""percentage"":80,""count"":80,""patients_count"":30},{""unit"":""B"",""percentage"":15,""count"":15,""patients_count"":12},{""unit"":""C"",""percentage"":5,""count"":5,""patients_count"":3}]}"
LOCAL,YEARS,One patient in a year,730,61,"{""rows_count"":730,""patients_count"":61,""temporal_distribution"":{""start_date"":""2020-01-02"",""end_date"":""2022-12-30"",""by_year"":[{""year"":2020,""count"":500,""patients_count"":40,""percentage"":68.5},{""year"":2021,""count"":30,""patients_count"":1,""percentage"":4.1},{""year"":2022,""count"":200,""patients_count"":20,""percentage"":27.4}]}}"
LOCAL,HIST_PATIENTS,Histogram with patients,850,90,"{""rows_count"":850,""patients_count"":90,""histogram"":[{""x"":5,""count"":50,""patients_count"":20},{""x"":15,""count"":300,""patients_count"":60},{""x"":25,""count"":40,""patients_count"":1},{""x"":35,""count"":400,""patients_count"":70},{""x"":45,""count"":60,""patients_count"":25}]}"
LOCAL,PCT_ONLY,Shares without counts,1000,100,"{""rows_count"":1000,""patients_count"":100,""categorical_data"":[{""category"":""a"",""percentage"":90},{""category"":""b"",""count"":100,""percentage"":10}]}"
LOCAL,DEEP,Nested past the cap,500,50,"{""rows_count"":500,""patients_count"":50,""x"":[[[[[[[[[[[[[[[[[[[[[[[[[[[[[[]]]]]]]]]]]]]]]]]]]]]]]]]]]]]]}"
LOCAL,NO_TOTAL,Totals unreadable,,,"{""rows_count"":""2e0"",""numeric_data"":{""mean"":37.21,""median"":37.21,""p25"":37.21,""p75"":37.21,""max"":37.21}}"
LOCAL,BAD_TOTAL,Totals not counts,n/a,-1,"{""patients_count"":-1,""numeric_data"":{""mean"":37.21,""sd"":0}}"
LOCAL,PROFILE_TOTAL,Totals in the profile only,,,"{""rows_count"":500,""patients_count"":50,""numeric_data"":{""median"":5}}"
